<?xml version="1.0" encoding="UTF-8" standalone="yes"?>
<addon id="plugin.program.saturnhostingwizard" name="[B][COLOR cyan]Saturn[/COLOR] [COLOR red]Hosting[/COLOR][COLOR cyan] Wizard[/COLOR][/B]" version="1.0.0" provider-name="SaturnHosting">
  <requires>
    <import addon="xbmc.python" version="2.1.0"/>
  </requires>
  <extension point="xbmc.python.pluginsource" library="default.py">
    <provides>executable</provides>
  </extension>
  <extension point="xbmc.service" library="startup.py" start="startup" />
  <extension point="xbmc.addon.metadata">
    <summary lang="en">[COLOR yellow]Saturn Hosting Wizard[/COLOR]</summary>
    <description lang="en">Saturn Hosting Wizard, Bringing you Custom Builds.</description>
    <platform>all</platform>
  </extension>
</addon>